Content_Type,Content,Character_Count,Keywords,CTR_Elements,SEO_Score
Primary_Title,"Build Your Dream Website in 30 Minutes - Complete 2025 Guide (No Coding Required!)",89/100,"website, 2025, no coding, guide","Time urgency, Year relevance, Promise",9.2/10
Alternative_Title_1,"Website Building Secrets: How I Made $10K Sites in 30 Minutes (Step-by-Step)",84/100,"website building, secrets, step-by-step","Money hook, Time promise, Authority",8.8/10
Alternative_Title_2,"Stop Paying $5000 for Websites! Build Professional Sites FREE in 2025",73/100,"free, professional sites, 2025","Pain point, Money save, Current year",8.5/10
YouTube_Shorts_Title,"30-Minute Website Challenge: $0 to Professional Site üöÄ",52/100,"challenge, professional site","Challenge format, Emoji",8.0/10
Hook_Description,"üöÄ Ready to build a professional website without spending thousands? In this complete 2025 guide I'll show you exactly how to create stunning websites in just 30 minutes using beginner-friendly methods that actually work!",250,"professional website, 2025, beginner-friendly","Hook + keywords in first 125 chars",9.0/10
Value_Bullets,"‚≠ê What You'll Learn: ‚Ä¢ 3 proven website building methods (under $100 each) ‚Ä¢ Step-by-step tutorials with real examples ‚Ä¢ Professional design secrets ‚Ä¢ SEO optimization tips ‚Ä¢ Mobile-responsive techniques",200,"proven methods, step-by-step, SEO","Scannable bullet points",8.5/10
Timestamps,"üìç TIMESTAMPS: 0:00 Introduction & Overview 2:15 Method 1: WordPress Setup 8:30 Method 2: No-Code Platforms 15:45 Method 3: AI Website Builders 22:10 SEO & Optimization Tips 28:40 Final Results",180,"timestamps, methods, SEO","YouTube algorithm boost",9.0/10
Thumbnail_Concept_A,"Split screen: Frustrated person vs. Happy person with laptop showing website",75,"before/after, emotional contrast","Before/after emotional contrast",8.5/10
Thumbnail_Concept_B,"Large '30 MIN' timer + laptop screen showing website + excited presenter pointing",80,"time urgency, clear promise","Time urgency with human element",9.2/10
Thumbnail_Concept_C,"Money symbols + '$0-$100' text + professional website mockup + creator's face",78,"cost benefit, value proposition","Cost benefit with authority",8.8/10